{
  "project_info": {
    "project_number": "1070153290380",
    "project_id": "nomadz-8229a",
    "storage_bucket": "nomadz-8229a.appspot.com"
  },
  "client": [
    {
      "client_info": {
        "mobilesdk_app_id": "1:1070153290380:android:2f9807307a648fbfae61a9",
        "android_client_info": {
          "package_name": "com.example.nomadz"
        }
      },
      "oauth_client": [
        {
          "client_id": "1070153290380-0h2p5aamjdnkuukpkeiretg1gbo2p809.apps.googleusercontent.com",
          "client_type": 1,
          "android_info": {
            "package_name": "com.example.nomadz",
            "certificate_hash": "0b2d1d10aaf3f13bd64fb2e6f5569ea2187c7f1b"
          }
        },
        {
          "client_id": "1070153290380-qbnlmptelr9a7a5gqh6fbfded8310m93.apps.googleusercontent.com",
          "client_type": 3
        }
      ],
      "api_key": [
        {
          "current_key": "AIzaSyByrnQ28UT8qVXcWM7aZ1JX7JDalfKH4mY"
        }
      ],
      "services": {
        "appinvite_service": {
          "other_platform_oauth_client": [
            {
              "client_id": "1070153290380-qbnlmptelr9a7a5gqh6fbfded8310m93.apps.googleusercontent.com",
              "client_type": 3
            }
          ]
        }
      }
    }
  ],
  "configuration_version": "1"
}